{"loss": [1.8814977407455444, 1.8334866762161255, 1.588096261024475, 1.5455266237258911, 1.5388344526290894, 1.2567583322525024, 1.501328468322754, 1.3183858394622803, 1.4940129518508911, 1.387209415435791, 1.147998571395874, 1.2554001808166504, 1.0978165864944458, 1.2630254030227661, 1.0836089849472046, 1.0399260520935059, 0.9529673457145691, 0.9039115905761719, 1.0252059698104858, 0.9468603730201721, 0.8834924697875977, 0.8378437161445618, 0.9641872048377991, 0.8557469248771667, 0.7337656021118164, 0.914383590221405, 0.6771391034126282, 0.7432592511177063, 0.8216217160224915, 0.7476544380187988, 0.6528244614601135, 0.7538967132568359, 0.6821882724761963, 0.7471737861633301, 0.6243765354156494, 0.6506829261779785, 0.7005426287651062, 0.6119813323020935, 0.5761757493019104, 0.5395739078521729, 0.6029894948005676, 0.5443790555000305, 0.5629590749740601, 0.5009972453117371, 0.5888493657112122, 0.5645719766616821, 0.5425598621368408, 0.5193787217140198, 0.5047251582145691, 0.5061593651771545], "val_loss": [1.0138670206069946, 1.0111956596374512, 1.0019068717956543, 1.0121546983718872, 1.0293512344360352, 1.0316524505615234, 1.0179542303085327, 0.9689987301826477, 0.9349378943443298, 0.8867108225822449, 0.835480272769928, 0.7871473431587219, 0.7461597919464111, 0.7138175964355469, 0.6905397772789001, 0.6672897934913635, 0.6488803029060364, 0.6352619528770447, 0.6268362402915955, 0.6222779750823975, 0.6198961138725281, 0.6214096546173096, 0.6240113377571106, 0.6288431286811829, 0.6209023594856262, 0.6141741275787354, 0.6109530329704285, 0.6044089794158936, 0.5986669063568115, 0.5928585529327393, 0.5821608901023865, 0.5777526497840881, 0.5697947144508362, 0.5509805679321289, 0.533789336681366, 0.5222073197364807, 0.5109071135520935, 0.5050523281097412, 0.5011002421379089, 0.4957658350467682, 0.4920414388179779, 0.4890838861465454, 0.48348143696784973, 0.4726583957672119, 0.4626610577106476, 0.45649662613868713, 0.4520639181137085, 0.4470372200012207, 0.44665971398353577, 0.4474135935306549], "accuracy": [0.3333333432674408, 0.3020833432674408, 0.4375, 0.3854166567325592, 0.2916666567325592, 0.4270833432674408, 0.4166666567325592, 0.5, 0.3854166567325592, 0.3854166567325592, 0.46875, 0.4479166567325592, 0.5104166865348816, 0.3854166567325592, 0.4895833432674408, 0.4895833432674408, 0.5520833134651184, 0.59375, 0.4895833432674408, 0.53125, 0.5520833134651184, 0.5833333134651184, 0.5416666865348816, 0.5416666865348816, 0.6666666865348816, 0.5, 0.6875, 0.6666666865348816, 0.5520833134651184, 0.6145833134651184, 0.65625, 0.6354166865348816, 0.625, 0.65625, 0.75, 0.6666666865348816, 0.6354166865348816, 0.71875, 0.6875, 0.6979166865348816, 0.7083333134651184, 0.71875, 0.7291666865348816, 0.75, 0.7395833134651184, 0.7395833134651184, 0.7083333134651184, 0.7291666865348816, 0.7708333134651184, 0.78125], "val_accuracy": [0.7083333134651184, 0.5, 0.5, 0.3333333432674408, 0.2916666567325592, 0.2916666567325592, 0.2916666567325592, 0.3333333432674408, 0.3333333432674408, 0.375, 0.5, 0.5, 0.9583333134651184, 1.0, 1.0, 0.9583333134651184, 0.9166666865348816, 0.9166666865348816, 0.9166666865348816, 0.9583333134651184, 1.0, 1.0, 0.9583333134651184, 0.7916666865348816, 0.7916666865348816, 0.7916666865348816, 0.6666666865348816, 0.6666666865348816, 0.6666666865348816, 0.6666666865348816, 0.6666666865348816, 0.6666666865348816, 0.6666666865348816, 0.875, 0.9583333134651184, 0.9583333134651184, 0.9583333134651184, 0.9583333134651184, 0.9583333134651184, 0.9583333134651184, 0.9583333134651184, 0.9583333134651184, 0.9583333134651184, 0.9583333134651184, 0.9583333134651184, 0.9583333134651184, 1.0, 1.0, 0.9583333134651184, 0.9583333134651184]}